"In the Year Before Entering the Program, What Kind of Health Concerns Did you Have? ",N,Percent,Percent of Cases,
Did not answer,4,0.017777778,0.027972028,
Unsure,3,0.013333333,0.020979021,
None,14,0.062222222,0.097902098,
Physical,83,0.368888889,0.58041958,
Mental,87,0.386666667,0.608391608,
Substance Use,34,0.151111111,0.237762238,
,,,,
